Experiment ID,Experiment Description,Date,Model,Hyperparameters,Train Score,Test Score,Test Std,Dataset Split,Feature Engineering,Metric Used,Duration,Notes,Status,Comments,Next Steps
1,Baseline model after feature importance,"Friday, 1 March 2024",AdaBoost,"{'algorithm': 'SAMME.R', 'base_estimator': None, 'learning_rate': 1.0, 'n_estimators': 50, 'random_state': 5}",0.765191375,0.761636292,0.013789544,10-fold StratifiedKFold,None,ROC AUC,2 min,,Completed,,
1,Baseline model after feature importance,"Friday, 1 March 2024",Bagging,"{'base_estimator': None, 'bootstrap': True, 'bootstrap_features': False, 'max_features': 1.0, 'max_samples': 1.0, 'n_estimators': 10, 'n_jobs': None, 'oob_score': False, 'random_state': 5, 'verbose': 0, 'warm_start': False}",0.999626279,0.824220346,0.003279351,10-fold StratifiedKFold,None,ROC AUC,,,Aborted,Does not have feature_importances_,
1,Baseline model after feature importance,"Friday, 1 March 2024",ExtraTrees,"{'bootstrap': False, 'ccp_alpha': 0.0, 'class_weight': None, 'criterion': 'gini', 'max_depth': None, 'max_features': 'sqrt', 'max_leaf_nodes': None, 'max_samples': None, 'min_impurity_decrease': 0.0, 'min_samples_leaf': 1, 'min_samples_split': 2, 'min_weight_fraction_leaf': 0.0, 'n_estimators': 100, 'n_jobs': None, 'oob_score': False, 'random_state': 5, 'verbose': 0, 'warm_start': False}",0.999999243,0.872309225,0.002278912,10-fold StratifiedKFold,None,ROC AUC,2 min,,Completed,,
1,Baseline model after feature importance,"Friday, 1 March 2024",HistGradientBoosting,"{'categorical_features': None, 'early_stopping': 'auto', 'l2_regularization': 0.0, 'learning_rate': 0.1, 'loss': 'log_loss', 'max_bins': 255, 'max_depth': None, 'max_iter': 100, 'max_leaf_nodes': 31, 'min_samples_leaf': 20, 'monotonic_cst': None, 'n_iter_no_change': 10, 'random_state': 5, 'scoring': 'loss', 'tol': 1e-07, 'validation_fraction': 0.1, 'verbose': 0, 'warm_start': False}",0.958242543,0.887164642,0.002961732,10-fold StratifiedKFold,None,ROC AUC,,,Aborted,Does not have feature_importances_,
1,Baseline model after feature importance,"Friday, 1 March 2024",LGBMClassifier,"{'boosting_type': 'gbdt', 'class_weight': None, 'colsample_bytree': 1.0, 'importance_type': 'split', 'learning_rate': 0.1, 'max_depth': -1, 'min_child_samples': 20, 'min_child_weight': 0.001, 'min_split_gain': 0.0, 'n_estimators': 100, 'n_jobs': -1, 'num_leaves': 31, 'objective': None, 'random_state': 5, 'reg_alpha': 0.0, 'reg_lambda': 0.0, 'silent': 'warn', 'subsample': 1.0, 'subsample_for_bin': 200000, 'subsample_freq': 0}",0.982299897,0.885442987,0.002803137,10-fold StratifiedKFold,None,ROC AUC,2 min,,Completed,,
1,Baseline model after feature importance,"Friday, 1 March 2024",RandomForest,"{'bootstrap': True, 'ccp_alpha': 0.0, 'class_weight': None, 'criterion': 'gini', 'max_depth': None, 'max_features': 'sqrt', 'max_leaf_nodes': None, 'max_samples': None, 'min_impurity_decrease': 0.0, 'min_samples_leaf': 1, 'min_samples_split': 2, 'min_weight_fraction_leaf': 0.0, 'n_estimators': 100, 'n_jobs': None, 'oob_score': False, 'random_state': 5, 'verbose': 0, 'warm_start': False}",0.999998785,0.878703996,0.003609413,10-fold StratifiedKFold,None,ROC AUC,2 min,,Completed,,
1,Baseline model after feature importance,"Friday, 1 March 2024",XGBoost,"{'objective': 'multi:softprob', 'use_label_encoder': None, 'base_score': None, 'booster': None, 'callbacks': None, 'colsample_bylevel': None, 'colsample_bynode': None, 'colsample_bytree': None, 'early_stopping_rounds': None, 'enable_categorical': False, 'eval_metric': None, 'feature_types': None, 'gamma': None, 'gpu_id': None, 'grow_policy': None, 'importance_type': None, 'interaction_constraints': None, 'learning_rate': None, 'max_bin': None, 'max_cat_threshold': None, 'max_cat_to_onehot': None, 'max_delta_step': None, 'max_depth': None, 'max_leaves': None, 'min_child_weight': None, 'missing': nan, 'monotone_constraints': None, 'n_estimators': 100, 'n_jobs': None, 'num_parallel_tree': None, 'predictor': None, 'random_state': 5, 'reg_alpha': None, 'reg_lambda': None, 'sampling_method': None, 'scale_pos_weight': None, 'subsample': None, 'tree_method': None, 'validate_parameters': None, 'verbosity': None}",0.9928259,0.881240325,0.002707632,10-fold StratifiedKFold,None,ROC AUC,2 min,,Completed,,
1,Baseline model after removing highly correlated features,"Friday, 1 March 2024",AdaBoost,"{'algorithm': 'SAMME.R', 'base_estimator': None, 'learning_rate': 1.0, 'n_estimators': 50, 'random_state': 5}",0.765191375,0.761636292,0.013789544,10-fold StratifiedKFold,None,ROC AUC,1 min,,Completed,,
1,Baseline model after removing highly correlated features,"Friday, 1 March 2024",Bagging,"{'base_estimator': None, 'bootstrap': True, 'bootstrap_features': False, 'max_features': 1.0, 'max_samples': 1.0, 'n_estimators': 10, 'n_jobs': None, 'oob_score': False, 'random_state': 5, 'verbose': 0, 'warm_start': False}",0.999626279,0.824220346,0.003279351,10-fold StratifiedKFold,None,ROC AUC,1 min,,Completed,,
1,Baseline model after removing highly correlated features,"Friday, 1 March 2024",ExtraTrees,"{'bootstrap': False, 'ccp_alpha': 0.0, 'class_weight': None, 'criterion': 'gini', 'max_depth': None, 'max_features': 'sqrt', 'max_leaf_nodes': None, 'max_samples': None, 'min_impurity_decrease': 0.0, 'min_samples_leaf': 1, 'min_samples_split': 2, 'min_weight_fraction_leaf': 0.0, 'n_estimators': 100, 'n_jobs': None, 'oob_score': False, 'random_state': 5, 'verbose': 0, 'warm_start': False}",0.999999243,0.873583781,0.003029631,10-fold StratifiedKFold,None,ROC AUC,1 min,,Completed,,
1,Baseline model after removing highly correlated features,"Friday, 1 March 2024",HistGradientBoosting,"{'categorical_features': None, 'early_stopping': 'auto', 'l2_regularization': 0.0, 'learning_rate': 0.1, 'loss': 'log_loss', 'max_bins': 255, 'max_depth': None, 'max_iter': 100, 'max_leaf_nodes': 31, 'min_samples_leaf': 20, 'monotonic_cst': None, 'n_iter_no_change': 10, 'random_state': 5, 'scoring': 'loss', 'tol': 1e-07, 'validation_fraction': 0.1, 'verbose': 0, 'warm_start': False}",0.958242543,0.887164642,0.002961732,10-fold StratifiedKFold,None,ROC AUC,1 min,,Completed,,
1,Baseline model after removing highly correlated features,"Friday, 1 March 2024",LGBMClassifier,"{'boosting_type': 'gbdt', 'class_weight': None, 'colsample_bytree': 1.0, 'importance_type': 'split', 'learning_rate': 0.1, 'max_depth': -1, 'min_child_samples': 20, 'min_child_weight': 0.001, 'min_split_gain': 0.0, 'n_estimators': 100, 'n_jobs': -1, 'num_leaves': 31, 'objective': None, 'random_state': 5, 'reg_alpha': 0.0, 'reg_lambda': 0.0, 'silent': 'warn', 'subsample': 1.0, 'subsample_for_bin': 200000, 'subsample_freq': 0}",0.982442792,0.885716587,0.002586104,10-fold StratifiedKFold,None,ROC AUC,1 min,,Completed,,
1,Baseline model after removing highly correlated features,"Friday, 1 March 2024",RandomForest,"{'bootstrap': True, 'ccp_alpha': 0.0, 'class_weight': None, 'criterion': 'gini', 'max_depth': None, 'max_features': 'sqrt', 'max_leaf_nodes': None, 'max_samples': None, 'min_impurity_decrease': 0.0, 'min_samples_leaf': 1, 'min_samples_split': 2, 'min_weight_fraction_leaf': 0.0, 'n_estimators': 100, 'n_jobs': None, 'oob_score': False, 'random_state': 5, 'verbose': 0, 'warm_start': False}",0.99999882,0.879268893,0.001811556,10-fold StratifiedKFold,None,ROC AUC,1 min,,Completed,,
1,Baseline model after removing highly correlated features,"Friday, 1 March 2024",XGBoost,"{'objective': 'multi:softprob', 'use_label_encoder': None, 'base_score': None, 'booster': None, 'callbacks': None, 'colsample_bylevel': None, 'colsample_bynode': None, 'colsample_bytree': None, 'early_stopping_rounds': None, 'enable_categorical': False, 'eval_metric': None, 'feature_types': None, 'gamma': None, 'gpu_id': None, 'grow_policy': None, 'importance_type': None, 'interaction_constraints': None, 'learning_rate': None, 'max_bin': None, 'max_cat_threshold': None, 'max_cat_to_onehot': None, 'max_delta_step': None, 'max_depth': None, 'max_leaves': None, 'min_child_weight': None, 'missing': nan, 'monotone_constraints': None, 'n_estimators': 100, 'n_jobs': None, 'num_parallel_tree': None, 'predictor': None, 'random_state': 5, 'reg_alpha': None, 'reg_lambda': None, 'sampling_method': None, 'scale_pos_weight': None, 'subsample': None, 'tree_method': None, 'validate_parameters': None, 'verbosity': None}",0.992866936,0.882526019,0.002277329,10-fold StratifiedKFold,None,ROC AUC,1 min,,Completed,,
1,Baseline model after RFECV,"Friday, 1 March 2024",AdaBoost,"{'algorithm': 'SAMME.R', 'base_estimator': None, 'learning_rate': 1.0, 'n_estimators': 50, 'random_state': 5}",0.772502083,0.770143797,0.016260908,10-fold StratifiedKFold,None,ROC AUC,10 mins,,Completed,CV score reduced,
1,Baseline model after RFECV,"Friday, 1 March 2024",Bagging,"{'base_estimator': None, 'bootstrap': True, 'bootstrap_features': False, 'max_features': 1.0, 'max_samples': 1.0, 'n_estimators': 10, 'n_jobs': None, 'oob_score': False, 'random_state': 5, 'verbose': 0, 'warm_start': False}",0.999589826,0.825517501,0.007205323,10-fold StratifiedKFold,None,ROC AUC,,,Aborted,Does not have feature_importances_,
1,Baseline model after RFECV,"Friday, 1 March 2024",ExtraTrees,"{'bootstrap': False, 'ccp_alpha': 0.0, 'class_weight': None, 'criterion': 'gini', 'max_depth': None, 'max_features': 'sqrt', 'max_leaf_nodes': None, 'max_samples': None, 'min_impurity_decrease': 0.0, 'min_samples_leaf': 1, 'min_samples_split': 2, 'min_weight_fraction_leaf': 0.0, 'n_estimators': 100, 'n_jobs': None, 'oob_score': False, 'random_state': 5, 'verbose': 0, 'warm_start': False}",0.999999243,0.874068179,0.004031289,10-fold StratifiedKFold,None,ROC AUC,10 mins,,Completed,CV score improved,
1,Baseline model after RFECV,"Friday, 1 March 2024",HistGradientBoosting,"{'categorical_features': None, 'early_stopping': 'auto', 'l2_regularization': 0.0, 'learning_rate': 0.1, 'loss': 'log_loss', 'max_bins': 255, 'max_depth': None, 'max_iter': 100, 'max_leaf_nodes': 31, 'min_samples_leaf': 20, 'monotonic_cst': None, 'n_iter_no_change': 10, 'random_state': 5, 'scoring': 'loss', 'tol': 1e-07, 'validation_fraction': 0.1, 'verbose': 0, 'warm_start': False}",0.955613786,0.887207376,0.003033161,10-fold StratifiedKFold,None,ROC AUC,,,Aborted,Does not have feature_importances_,
1,Baseline model after RFECV,"Friday, 1 March 2024",LGBMClassifier,"{'boosting_type': 'gbdt', 'class_weight': None, 'colsample_bytree': 1.0, 'importance_type': 'split', 'learning_rate': 0.1, 'max_depth': -1, 'min_child_samples': 20, 'min_child_weight': 0.001, 'min_split_gain': 0.0, 'n_estimators': 100, 'n_jobs': -1, 'num_leaves': 31, 'objective': None, 'random_state': 5, 'reg_alpha': 0.0, 'reg_lambda': 0.0, 'silent': 'warn', 'subsample': 1.0, 'subsample_for_bin': 200000, 'subsample_freq': 0}",0.980452523,0.887673021,0.003201496,10-fold StratifiedKFold,None,ROC AUC,10 mins,,Completed,Score did not change,
1,Baseline model after RFECV,"Friday, 1 March 2024",RandomForest,"{'bootstrap': True, 'ccp_alpha': 0.0, 'class_weight': None, 'criterion': 'gini', 'max_depth': None, 'max_features': 'sqrt', 'max_leaf_nodes': None, 'max_samples': None, 'min_impurity_decrease': 0.0, 'min_samples_leaf': 1, 'min_samples_split': 2, 'min_weight_fraction_leaf': 0.0, 'n_estimators': 100, 'n_jobs': None, 'oob_score': False, 'random_state': 5, 'verbose': 0, 'warm_start': False}",0.999998819,0.879708139,0.003136755,10-fold StratifiedKFold,None,ROC AUC,10 mins,,Completed,Score did not change,
1,Baseline model after RFECV,"Friday, 1 March 2024",XGBoost,"{'objective': 'multi:softprob', 'use_label_encoder': None, 'base_score': None, 'booster': None, 'callbacks': None, 'colsample_bylevel': None, 'colsample_bynode': None, 'colsample_bytree': None, 'early_stopping_rounds': None, 'enable_categorical': False, 'eval_metric': None, 'feature_types': None, 'gamma': None, 'gpu_id': None, 'grow_policy': None, 'importance_type': None, 'interaction_constraints': None, 'learning_rate': None, 'max_bin': None, 'max_cat_threshold': None, 'max_cat_to_onehot': None, 'max_delta_step': None, 'max_depth': None, 'max_leaves': None, 'min_child_weight': None, 'missing': nan, 'monotone_constraints': None, 'n_estimators': 100, 'n_jobs': None, 'num_parallel_tree': None, 'predictor': None, 'random_state': 5, 'reg_alpha': None, 'reg_lambda': None, 'sampling_method': None, 'scale_pos_weight': None, 'subsample': None, 'tree_method': None, 'validate_parameters': None, 'verbosity': None}",0.986528885,0.882923005,0.003382754,10-fold StratifiedKFold,None,ROC AUC,10 mins,,Completed,CV score reduced,
1,Baseline model after SelectKBest with f_classif,"Friday, 1 March 2024",AdaBoost,"{'algorithm': 'SAMME.R', 'base_estimator': None, 'learning_rate': 1.0, 'n_estimators': 50, 'random_state': 5}",0.77137834,0.768517678,0.015698463,10-fold StratifiedKFold,None,ROC AUC,5 mins,,Completed,,
1,Baseline model after SelectKBest with f_classif,"Friday, 1 March 2024",Bagging,"{'base_estimator': None, 'bootstrap': True, 'bootstrap_features': False, 'max_features': 1.0, 'max_samples': 1.0, 'n_estimators': 10, 'n_jobs': None, 'oob_score': False, 'random_state': 5, 'verbose': 0, 'warm_start': False}",0.999589826,0.825517501,0.007205323,10-fold StratifiedKFold,None,ROC AUC,5 mins,,Completed,,
1,Baseline model after SelectKBest with f_classif,"Friday, 1 March 2024",ExtraTrees,"{'bootstrap': False, 'ccp_alpha': 0.0, 'class_weight': None, 'criterion': 'gini', 'max_depth': None, 'max_features': 'sqrt', 'max_leaf_nodes': None, 'max_samples': None, 'min_impurity_decrease': 0.0, 'min_samples_leaf': 1, 'min_samples_split': 2, 'min_weight_fraction_leaf': 0.0, 'n_estimators': 100, 'n_jobs': None, 'oob_score': False, 'random_state': 5, 'verbose': 0, 'warm_start': False}",0.999999243,0.873583781,0.003029631,10-fold StratifiedKFold,None,ROC AUC,5 mins,,Completed,,
1,Baseline model after SelectKBest with f_classif,"Friday, 1 March 2024",HistGradientBoosting,"{'categorical_features': None, 'early_stopping': 'auto', 'l2_regularization': 0.0, 'learning_rate': 0.1, 'loss': 'log_loss', 'max_bins': 255, 'max_depth': None, 'max_iter': 100, 'max_leaf_nodes': 31, 'min_samples_leaf': 20, 'monotonic_cst': None, 'n_iter_no_change': 10, 'random_state': 5, 'scoring': 'loss', 'tol': 1e-07, 'validation_fraction': 0.1, 'verbose': 0, 'warm_start': False}",0.955613786,0.887207376,0.003033161,10-fold StratifiedKFold,None,ROC AUC,5 mins,,Completed,,
1,Baseline model after SelectKBest with f_classif,"Friday, 1 March 2024",LGBMClassifier,"{'boosting_type': 'gbdt', 'class_weight': None, 'colsample_bytree': 1.0, 'importance_type': 'split', 'learning_rate': 0.1, 'max_depth': -1, 'min_child_samples': 20, 'min_child_weight': 0.001, 'min_split_gain': 0.0, 'n_estimators': 100, 'n_jobs': -1, 'num_leaves': 31, 'objective': None, 'random_state': 5, 'reg_alpha': 0.0, 'reg_lambda': 0.0, 'silent': 'warn', 'subsample': 1.0, 'subsample_for_bin': 200000, 'subsample_freq': 0}",0.980522808,0.887172162,0.003243395,10-fold StratifiedKFold,None,ROC AUC,5 mins,,Completed,,
1,Baseline model after SelectKBest with f_classif,"Friday, 1 March 2024",RandomForest,"{'bootstrap': True, 'ccp_alpha': 0.0, 'class_weight': None, 'criterion': 'gini', 'max_depth': None, 'max_features': 'sqrt', 'max_leaf_nodes': None, 'max_samples': None, 'min_impurity_decrease': 0.0, 'min_samples_leaf': 1, 'min_samples_split': 2, 'min_weight_fraction_leaf': 0.0, 'n_estimators': 100, 'n_jobs': None, 'oob_score': False, 'random_state': 5, 'verbose': 0, 'warm_start': False}",0.999998819,0.879708139,0.003136755,10-fold StratifiedKFold,None,ROC AUC,5 mins,,Completed,,
1,Baseline model after SelectKBest with f_classif,"Friday, 1 March 2024",XGBoost,"{'objective': 'multi:softprob', 'use_label_encoder': None, 'base_score': None, 'booster': None, 'callbacks': None, 'colsample_bylevel': None, 'colsample_bynode': None, 'colsample_bytree': None, 'early_stopping_rounds': None, 'enable_categorical': False, 'eval_metric': None, 'feature_types': None, 'gamma': None, 'gpu_id': None, 'grow_policy': None, 'importance_type': None, 'interaction_constraints': None, 'learning_rate': None, 'max_bin': None, 'max_cat_threshold': None, 'max_cat_to_onehot': None, 'max_delta_step': None, 'max_depth': None, 'max_leaves': None, 'min_child_weight': None, 'missing': nan, 'monotone_constraints': None, 'n_estimators': 100, 'n_jobs': None, 'num_parallel_tree': None, 'predictor': None, 'random_state': 5, 'reg_alpha': None, 'reg_lambda': None, 'sampling_method': None, 'scale_pos_weight': None, 'subsample': None, 'tree_method': None, 'validate_parameters': None, 'verbosity': None}",0.986528885,0.882923005,0.003382754,10-fold StratifiedKFold,None,ROC AUC,5 mins,,Completed,,
1,Baseline model after SFS,"Friday, 1 March 2024",AdaBoost,"{'algorithm': 'SAMME.R', 'base_estimator': None, 'learning_rate': 1.0, 'n_estimators': 50, 'random_state': 5}",0.791082484,0.788855696,0.006227859,10-fold StratifiedKFold,None,ROC AUC,20 mins,,In Progress,,
1,Baseline model after SFS,"Friday, 1 March 2024",Bagging,"{'base_estimator': None, 'bootstrap': True, 'bootstrap_features': False, 'max_features': 1.0, 'max_samples': 1.0, 'n_estimators': 10, 'n_jobs': None, 'oob_score': False, 'random_state': 5, 'verbose': 0, 'warm_start': False}",0.999592154,0.828277422,0.004751563,10-fold StratifiedKFold,None,ROC AUC,20 mins,,Not Started,,
1,Baseline model after SFS,"Friday, 1 March 2024",ExtraTrees,"{'bootstrap': False, 'ccp_alpha': 0.0, 'class_weight': None, 'criterion': 'gini', 'max_depth': None, 'max_features': 'sqrt', 'max_leaf_nodes': None, 'max_samples': None, 'min_impurity_decrease': 0.0, 'min_samples_leaf': 1, 'min_samples_split': 2, 'min_weight_fraction_leaf': 0.0, 'n_estimators': 100, 'n_jobs': None, 'oob_score': False, 'random_state': 5, 'verbose': 0, 'warm_start': False}",0.999999243,0.876881991,0.003446856,10-fold StratifiedKFold,None,ROC AUC,20 mins,,Completed,,
1,Baseline model after SFS,"Friday, 1 March 2024",HistGradientBoosting,"{'categorical_features': None, 'early_stopping': 'auto', 'l2_regularization': 0.0, 'learning_rate': 0.1, 'loss': 'log_loss', 'max_bins': 255, 'max_depth': None, 'max_iter': 100, 'max_leaf_nodes': 31, 'min_samples_leaf': 20, 'monotonic_cst': None, 'n_iter_no_change': 10, 'random_state': 5, 'scoring': 'loss', 'tol': 1e-07, 'validation_fraction': 0.1, 'verbose': 0, 'warm_start': False}",0.953918704,0.88772966,0.002992224,10-fold StratifiedKFold,None,ROC AUC,20 mins,,In Progress,,
1,Baseline model after SFS,"Friday, 1 March 2024",LGBMClassifier,"{'boosting_type': 'gbdt', 'class_weight': None, 'colsample_bytree': 1.0, 'importance_type': 'split', 'learning_rate': 0.1, 'max_depth': -1, 'min_child_samples': 20, 'min_child_weight': 0.001, 'min_split_gain': 0.0, 'n_estimators': 100, 'n_jobs': -1, 'num_leaves': 31, 'objective': None, 'random_state': 5, 'reg_alpha': 0.0, 'reg_lambda': 0.0, 'silent': 'warn', 'subsample': 1.0, 'subsample_for_bin': 200000, 'subsample_freq': 0}",0.980452523,0.887673021,0.003201496,10-fold StratifiedKFold,None,ROC AUC,20 mins,,In Progress,,
1,Baseline model after SFS,"Friday, 1 March 2024",RandomForest,"{'bootstrap': True, 'ccp_alpha': 0.0, 'class_weight': None, 'criterion': 'gini', 'max_depth': None, 'max_features': 'sqrt', 'max_leaf_nodes': None, 'max_samples': None, 'min_impurity_decrease': 0.0, 'min_samples_leaf': 1, 'min_samples_split': 2, 'min_weight_fraction_leaf': 0.0, 'n_estimators': 100, 'n_jobs': None, 'oob_score': False, 'random_state': 5, 'verbose': 0, 'warm_start': False}",0.999998815,0.880468222,0.002408115,10-fold StratifiedKFold,None,ROC AUC,20 mins,,Not Started,,
1,Baseline model after SFS,"Friday, 1 March 2024",XGBoost,"{'objective': 'multi:softprob', 'use_label_encoder': None, 'base_score': None, 'booster': None, 'callbacks': None, 'colsample_bylevel': None, 'colsample_bynode': None, 'colsample_bytree': None, 'early_stopping_rounds': None, 'enable_categorical': False, 'eval_metric': None, 'feature_types': None, 'gamma': None, 'gpu_id': None, 'grow_policy': None, 'importance_type': None, 'interaction_constraints': None, 'learning_rate': None, 'max_bin': None, 'max_cat_threshold': None, 'max_cat_to_onehot': None, 'max_delta_step': None, 'max_depth': None, 'max_leaves': None, 'min_child_weight': None, 'missing': nan, 'monotone_constraints': None, 'n_estimators': 100, 'n_jobs': None, 'num_parallel_tree': None, 'predictor': None, 'random_state': 5, 'reg_alpha': None, 'reg_lambda': None, 'sampling_method': None, 'scale_pos_weight': None, 'subsample': None, 'tree_method': None, 'validate_parameters': None, 'verbosity': None}",0.985273511,0.883421612,0.003786374,10-fold StratifiedKFold,None,ROC AUC,20 mins,,Completed,,
1,Baseline model w/ all features,"Friday, 1 March 2024",AdaBoost,"{'algorithm': 'SAMME.R', 'base_estimator': None, 'learning_rate': 1.0, 'n_estimators': 50, 'random_state': 5}",0.759458863,0.756857691,0.012196987,10-fold StratifiedKFold,None,ROC AUC,1 min,,Completed,,
1,Baseline model w/ all features,"Friday, 1 March 2024",Bagging,"{'base_estimator': None, 'bootstrap': True, 'bootstrap_features': False, 'max_features': 1.0, 'max_samples': 1.0, 'n_estimators': 10, 'n_jobs': None, 'oob_score': False, 'random_state': 5, 'verbose': 0, 'warm_start': False}",0.999629458,0.823855709,0.005831243,10-fold StratifiedKFold,None,ROC AUC,1 min,,Completed,,
1,Baseline model w/ all features,"Friday, 1 March 2024",ExtraTrees,"{'bootstrap': False, 'ccp_alpha': 0.0, 'class_weight': None, 'criterion': 'gini', 'max_depth': None, 'max_features': 'sqrt', 'max_leaf_nodes': None, 'max_samples': None, 'min_impurity_decrease': 0.0, 'min_samples_leaf': 1, 'min_samples_split': 2, 'min_weight_fraction_leaf': 0.0, 'n_estimators': 100, 'n_jobs': None, 'oob_score': False, 'random_state': 5, 'verbose': 0, 'warm_start': False}",0.999999243,0.872836872,0.002675324,10-fold StratifiedKFold,None,ROC AUC,1 min,,Completed,,
1,Baseline model w/ all features,"Friday, 1 March 2024",HistGradientBoosting,"{'categorical_features': None, 'early_stopping': 'auto', 'l2_regularization': 0.0, 'learning_rate': 0.1, 'loss': 'log_loss', 'max_bins': 255, 'max_depth': None, 'max_iter': 100, 'max_leaf_nodes': 31, 'min_samples_leaf': 20, 'monotonic_cst': None, 'n_iter_no_change': 10, 'random_state': 5, 'scoring': 'loss', 'tol': 1e-07, 'validation_fraction': 0.1, 'verbose': 0, 'warm_start': False}",0.960699023,0.88680173,0.002795005,10-fold StratifiedKFold,None,ROC AUC,1 min,,Completed,,
1,Baseline model w/ all features,"Friday, 1 March 2024",LGBMClassifier,"{'boosting_type': 'gbdt', 'class_weight': None, 'colsample_bytree': 1.0, 'importance_type': 'split', 'learning_rate': 0.1, 'max_depth': -1, 'min_child_samples': 20, 'min_child_weight': 0.001, 'min_split_gain': 0.0, 'n_estimators': 100, 'n_jobs': -1, 'num_leaves': 31, 'objective': None, 'random_state': 5, 'reg_alpha': 0.0, 'reg_lambda': 0.0, 'silent': 'warn', 'subsample': 1.0, 'subsample_for_bin': 200000, 'subsample_freq': 0}",0.984408892,0.886011747,0.002456952,10-fold StratifiedKFold,None,ROC AUC,1 min,,Completed,,
1,Baseline model w/ all features,"Friday, 1 March 2024",RandomForest,"{'bootstrap': True, 'ccp_alpha': 0.0, 'class_weight': None, 'criterion': 'gini', 'max_depth': None, 'max_features': 'sqrt', 'max_leaf_nodes': None, 'max_samples': None, 'min_impurity_decrease': 0.0, 'min_samples_leaf': 1, 'min_samples_split': 2, 'min_weight_fraction_leaf': 0.0, 'n_estimators': 100, 'n_jobs': None, 'oob_score': False, 'random_state': 5, 'verbose': 0, 'warm_start': False}",0.999998785,0.877452667,0.002847178,10-fold StratifiedKFold,None,ROC AUC,1 min,,Completed,,
1,Baseline model w/ all features,"Friday, 1 March 2024",XGBoost,"{'objective': 'multi:softprob', 'use_label_encoder': None, 'base_score': None, 'booster': None, 'callbacks': None, 'colsample_bylevel': None, 'colsample_bynode': None, 'colsample_bytree': None, 'early_stopping_rounds': None, 'enable_categorical': False, 'eval_metric': None, 'feature_types': None, 'gamma': None, 'gpu_id': None, 'grow_policy': None, 'importance_type': None, 'interaction_constraints': None, 'learning_rate': None, 'max_bin': None, 'max_cat_threshold': None, 'max_cat_to_onehot': None, 'max_delta_step': None, 'max_depth': None, 'max_leaves': None, 'min_child_weight': None, 'missing': nan, 'monotone_constraints': None, 'n_estimators': 100, 'n_jobs': None, 'num_parallel_tree': None, 'predictor': None, 'random_state': 5, 'reg_alpha': None, 'reg_lambda': None, 'sampling_method': None, 'scale_pos_weight': None, 'subsample': None, 'tree_method': None, 'validate_parameters': None, 'verbosity': None}",0.99403894,0.881989805,0.00341779,10-fold StratifiedKFold,None,ROC AUC,1 min,,Completed,,
1,Weighted Ensemble,"Saturday, 2 March 2024",All 7 Models,"LGBM - 0.804795	
XGBoost - 0.578537
RandomForest - 0.430377
AdaBoost - 0.160778
Bagging - 0.170325
ExtraTrees - 0.311305
HistGradient - 0.895395",,0.892667,,10-fold StratifiedKFold,None,ROC AUC,,,Completed,,
2,Added original dataset after feature importance,"Friday, 1 March 2024",AdaBoost,"{'algorithm': 'SAMME.R', 'base_estimator': None, 'learning_rate': 1.0, 'n_estimators': 50, 'random_state': 5}",0.782806489,0.780620283,0.017752829,10-fold StratifiedKFold,None,ROC AUC,2 min,,Completed,,
2,Added original dataset after feature importance,"Friday, 1 March 2024",Bagging,"{'base_estimator': None, 'bootstrap': True, 'bootstrap_features': False, 'max_features': 1.0, 'max_samples': 1.0, 'n_estimators': 10, 'n_jobs': None, 'oob_score': False, 'random_state': 5, 'verbose': 0, 'warm_start': False}",0.999639505,0.839101446,0.008369117,10-fold StratifiedKFold,None,ROC AUC,,,Aborted,,
2,Added original dataset after feature importance,"Friday, 1 March 2024",ExtraTrees,"{'bootstrap': False, 'ccp_alpha': 0.0, 'class_weight': None, 'criterion': 'gini', 'max_depth': None, 'max_features': 'sqrt', 'max_leaf_nodes': None, 'max_samples': None, 'min_impurity_decrease': 0.0, 'min_samples_leaf': 1, 'min_samples_split': 2, 'min_weight_fraction_leaf': 0.0, 'n_estimators': 100, 'n_jobs': None, 'oob_score': False, 'random_state': 5, 'verbose': 0, 'warm_start': False}",0.999999398,0.884876041,0.00695027,10-fold StratifiedKFold,None,ROC AUC,2 min,,Completed,,
2,Added original dataset after feature importance,"Friday, 1 March 2024",HistGradientBoosting,"{'categorical_features': None, 'early_stopping': 'auto', 'l2_regularization': 0.0, 'learning_rate': 0.1, 'loss': 'log_loss', 'max_bins': 255, 'max_depth': None, 'max_iter': 100, 'max_leaf_nodes': 31, 'min_samples_leaf': 20, 'monotonic_cst': None, 'n_iter_no_change': 10, 'random_state': 5, 'scoring': 'loss', 'tol': 1e-07, 'validation_fraction': 0.1, 'verbose': 0, 'warm_start': False}",0.961979975,0.896265358,0.005041049,10-fold StratifiedKFold,None,ROC AUC,,,Aborted,,
2,Added original dataset after feature importance,"Friday, 1 March 2024",LGBMClassifier,"{'boosting_type': 'gbdt', 'class_weight': None, 'colsample_bytree': 1.0, 'importance_type': 'split', 'learning_rate': 0.1, 'max_depth': -1, 'min_child_samples': 20, 'min_child_weight': 0.001, 'min_split_gain': 0.0, 'n_estimators': 100, 'n_jobs': -1, 'num_leaves': 31, 'objective': None, 'random_state': 5, 'reg_alpha': 0.0, 'reg_lambda': 0.0, 'silent': 'warn', 'subsample': 1.0, 'subsample_for_bin': 200000, 'subsample_freq': 0}",0.982996834,0.896392316,0.005228904,10-fold StratifiedKFold,None,ROC AUC,2 min,,Completed,,
2,Added original dataset after feature importance,"Friday, 1 March 2024",RandomForest,"{'bootstrap': True, 'ccp_alpha': 0.0, 'class_weight': None, 'criterion': 'gini', 'max_depth': None, 'max_features': 'sqrt', 'max_leaf_nodes': None, 'max_samples': None, 'min_impurity_decrease': 0.0, 'min_samples_leaf': 1, 'min_samples_split': 2, 'min_weight_fraction_leaf': 0.0, 'n_estimators': 100, 'n_jobs': None, 'oob_score': False, 'random_state': 5, 'verbose': 0, 'warm_start': False}",0.999999034,0.888347065,0.004944536,10-fold StratifiedKFold,None,ROC AUC,2 min,,Completed,,
2,Added original dataset after feature importance,"Friday, 1 March 2024",XGBoost,"{'objective': 'multi:softprob', 'use_label_encoder': None, 'base_score': None, 'booster': None, 'callbacks': None, 'colsample_bylevel': None, 'colsample_bynode': None, 'colsample_bytree': None, 'early_stopping_rounds': None, 'enable_categorical': False, 'eval_metric': None, 'feature_types': None, 'gamma': None, 'gpu_id': None, 'grow_policy': None, 'importance_type': None, 'interaction_constraints': None, 'learning_rate': None, 'max_bin': None, 'max_cat_threshold': None, 'max_cat_to_onehot': None, 'max_delta_step': None, 'max_depth': None, 'max_leaves': None, 'min_child_weight': None, 'missing': nan, 'monotone_constraints': None, 'n_estimators': 100, 'n_jobs': None, 'num_parallel_tree': None, 'predictor': None, 'random_state': 5, 'reg_alpha': None, 'reg_lambda': None, 'sampling_method': None, 'scale_pos_weight': None, 'subsample': None, 'tree_method': None, 'validate_parameters': None, 'verbosity': None}",0.993377003,0.89221376,0.004991713,10-fold StratifiedKFold,None,ROC AUC,2 min,,Completed,,
2,Added original dataset after removing highly correlated features,"Friday, 1 March 2024",AdaBoost,"{'algorithm': 'SAMME.R', 'base_estimator': None, 'learning_rate': 1.0, 'n_estimators': 50, 'random_state': 5}",0.78280598,0.780620443,0.017752631,10-fold StratifiedKFold,None,ROC AUC,1 min,,Completed,,
2,Added original dataset after removing highly correlated features,"Friday, 1 March 2024",Bagging,"{'base_estimator': None, 'bootstrap': True, 'bootstrap_features': False, 'max_features': 1.0, 'max_samples': 1.0, 'n_estimators': 10, 'n_jobs': None, 'oob_score': False, 'random_state': 5, 'verbose': 0, 'warm_start': False}",0.999639505,0.839101446,0.008369117,10-fold StratifiedKFold,None,ROC AUC,1 min,,Completed,,
2,Added original dataset after removing highly correlated features,"Friday, 1 March 2024",ExtraTrees,"{'bootstrap': False, 'ccp_alpha': 0.0, 'class_weight': None, 'criterion': 'gini', 'max_depth': None, 'max_features': 'sqrt', 'max_leaf_nodes': None, 'max_samples': None, 'min_impurity_decrease': 0.0, 'min_samples_leaf': 1, 'min_samples_split': 2, 'min_weight_fraction_leaf': 0.0, 'n_estimators': 100, 'n_jobs': None, 'oob_score': False, 'random_state': 5, 'verbose': 0, 'warm_start': False}",0.999999398,0.883450067,0.007107237,10-fold StratifiedKFold,None,ROC AUC,1 min,,Completed,,
2,Added original dataset after removing highly correlated features,"Friday, 1 March 2024",HistGradientBoosting,"{'categorical_features': None, 'early_stopping': 'auto', 'l2_regularization': 0.0, 'learning_rate': 0.1, 'loss': 'log_loss', 'max_bins': 255, 'max_depth': None, 'max_iter': 100, 'max_leaf_nodes': 31, 'min_samples_leaf': 20, 'monotonic_cst': None, 'n_iter_no_change': 10, 'random_state': 5, 'scoring': 'loss', 'tol': 1e-07, 'validation_fraction': 0.1, 'verbose': 0, 'warm_start': False}",0.961979975,0.896265358,0.005041049,10-fold StratifiedKFold,None,ROC AUC,1 min,,Completed,,
2,Added original dataset after removing highly correlated features,"Friday, 1 March 2024",LGBMClassifier,"{'boosting_type': 'gbdt', 'class_weight': None, 'colsample_bytree': 1.0, 'importance_type': 'split', 'learning_rate': 0.1, 'max_depth': -1, 'min_child_samples': 20, 'min_child_weight': 0.001, 'min_split_gain': 0.0, 'n_estimators': 100, 'n_jobs': -1, 'num_leaves': 31, 'objective': None, 'random_state': 5, 'reg_alpha': 0.0, 'reg_lambda': 0.0, 'silent': 'warn', 'subsample': 1.0, 'subsample_for_bin': 200000, 'subsample_freq': 0}",0.982823233,0.895639961,0.004958012,10-fold StratifiedKFold,None,ROC AUC,1 min,,Completed,,
2,Added original dataset after removing highly correlated features,"Friday, 1 March 2024",RandomForest,"{'bootstrap': True, 'ccp_alpha': 0.0, 'class_weight': None, 'criterion': 'gini', 'max_depth': None, 'max_features': 'sqrt', 'max_leaf_nodes': None, 'max_samples': None, 'min_impurity_decrease': 0.0, 'min_samples_leaf': 1, 'min_samples_split': 2, 'min_weight_fraction_leaf': 0.0, 'n_estimators': 100, 'n_jobs': None, 'oob_score': False, 'random_state': 5, 'verbose': 0, 'warm_start': False}",0.99999905,0.887949866,0.006050882,10-fold StratifiedKFold,None,ROC AUC,1 min,,Completed,,
2,Added original dataset after removing highly correlated features,"Friday, 1 March 2024",XGBoost,"{'objective': 'binary:logistic', 'use_label_encoder': None, 'base_score': None, 'booster': None, 'callbacks': None, 'colsample_bylevel': None, 'colsample_bynode': None, 'colsample_bytree': None, 'early_stopping_rounds': None, 'enable_categorical': False, 'eval_metric': None, 'feature_types': None, 'gamma': None, 'gpu_id': None, 'grow_policy': None, 'importance_type': None, 'interaction_constraints': None, 'learning_rate': None, 'max_bin': None, 'max_cat_threshold': None, 'max_cat_to_onehot': None, 'max_delta_step': None, 'max_depth': None, 'max_leaves': None, 'min_child_weight': None, 'missing': nan, 'monotone_constraints': None, 'n_estimators': 100, 'n_jobs': None, 'num_parallel_tree': None, 'predictor': None, 'random_state': 5, 'reg_alpha': None, 'reg_lambda': None, 'sampling_method': None, 'scale_pos_weight': None, 'subsample': None, 'tree_method': None, 'validate_parameters': None, 'verbosity': None}",0.993547541,0.892835075,0.004862848,10-fold StratifiedKFold,None,ROC AUC,1 min,,Completed,,
2,Added original dataset after RFECV,"Friday, 1 March 2024",AdaBoost,"{'algorithm': 'SAMME.R', 'base_estimator': None, 'learning_rate': 1.0, 'n_estimators': 50, 'random_state': 5}",0.781119361,0.77706181,0.018758137,10-fold StratifiedKFold,None,ROC AUC,14 mins,,Completed,,
2,Added original dataset after RFECV,"Friday, 1 March 2024",Bagging,"{'base_estimator': None, 'bootstrap': True, 'bootstrap_features': False, 'max_features': 1.0, 'max_samples': 1.0, 'n_estimators': 10, 'n_jobs': None, 'oob_score': False, 'random_state': 5, 'verbose': 0, 'warm_start': False}",0.999644616,0.839611123,0.007759149,10-fold StratifiedKFold,None,ROC AUC,,,Aborted,,
2,Added original dataset after RFECV,"Friday, 1 March 2024",ExtraTrees,"{'bootstrap': False, 'ccp_alpha': 0.0, 'class_weight': None, 'criterion': 'gini', 'max_depth': None, 'max_features': 'sqrt', 'max_leaf_nodes': None, 'max_samples': None, 'min_impurity_decrease': 0.0, 'min_samples_leaf': 1, 'min_samples_split': 2, 'min_weight_fraction_leaf': 0.0, 'n_estimators': 100, 'n_jobs': None, 'oob_score': False, 'random_state': 5, 'verbose': 0, 'warm_start': False}",0.999999398,0.886399171,0.006083009,10-fold StratifiedKFold,None,ROC AUC,14 mins,,Completed,,
2,Added original dataset after RFECV,"Friday, 1 March 2024",HistGradientBoosting,"{'categorical_features': None, 'early_stopping': 'auto', 'l2_regularization': 0.0, 'learning_rate': 0.1, 'loss': 'log_loss', 'max_bins': 255, 'max_depth': None, 'max_iter': 100, 'max_leaf_nodes': 31, 'min_samples_leaf': 20, 'monotonic_cst': None, 'n_iter_no_change': 10, 'random_state': 5, 'scoring': 'loss', 'tol': 1e-07, 'validation_fraction': 0.1, 'verbose': 0, 'warm_start': False}",0.961979975,0.896265358,0.005041049,10-fold StratifiedKFold,None,ROC AUC,,,Aborted,,
2,Added original dataset after RFECV,"Friday, 1 March 2024",LGBMClassifier,"{'boosting_type': 'gbdt', 'class_weight': None, 'colsample_bytree': 1.0, 'importance_type': 'split', 'learning_rate': 0.1, 'max_depth': -1, 'min_child_samples': 20, 'min_child_weight': 0.001, 'min_split_gain': 0.0, 'n_estimators': 100, 'n_jobs': -1, 'num_leaves': 31, 'objective': None, 'random_state': 5, 'reg_alpha': 0.0, 'reg_lambda': 0.0, 'silent': 'warn', 'subsample': 1.0, 'subsample_for_bin': 200000, 'subsample_freq': 0}",0.982996834,0.896392316,0.005228904,10-fold StratifiedKFold,None,ROC AUC,14 mins,,Completed,,
2,Added original dataset after RFECV,"Friday, 1 March 2024",RandomForest,"{'bootstrap': True, 'ccp_alpha': 0.0, 'class_weight': None, 'criterion': 'gini', 'max_depth': None, 'max_features': 'sqrt', 'max_leaf_nodes': None, 'max_samples': None, 'min_impurity_decrease': 0.0, 'min_samples_leaf': 1, 'min_samples_split': 2, 'min_weight_fraction_leaf': 0.0, 'n_estimators': 100, 'n_jobs': None, 'oob_score': False, 'random_state': 5, 'verbose': 0, 'warm_start': False}",0.999999068,0.889218002,0.005777229,10-fold StratifiedKFold,None,ROC AUC,14 mins,,Completed,,
2,Added original dataset after RFECV,"Friday, 1 March 2024",XGBoost,"{'objective': 'multi:softprob', 'use_label_encoder': None, 'base_score': None, 'booster': None, 'callbacks': None, 'colsample_bylevel': None, 'colsample_bynode': None, 'colsample_bytree': None, 'early_stopping_rounds': None, 'enable_categorical': False, 'eval_metric': None, 'feature_types': None, 'gamma': None, 'gpu_id': None, 'grow_policy': None, 'importance_type': None, 'interaction_constraints': None, 'learning_rate': None, 'max_bin': None, 'max_cat_threshold': None, 'max_cat_to_onehot': None, 'max_delta_step': None, 'max_depth': None, 'max_leaves': None, 'min_child_weight': None, 'missing': nan, 'monotone_constraints': None, 'n_estimators': 100, 'n_jobs': None, 'num_parallel_tree': None, 'predictor': None, 'random_state': 5, 'reg_alpha': None, 'reg_lambda': None, 'sampling_method': None, 'scale_pos_weight': None, 'subsample': None, 'tree_method': None, 'validate_parameters': None, 'verbosity': None}",0.989449832,0.892625793,0.00407201,10-fold StratifiedKFold,None,ROC AUC,14 mins,,Completed,,
2,Added original dataset after SelectKBest with f_classif,"Friday, 1 March 2024",AdaBoost,"{'algorithm': 'SAMME.R', 'base_estimator': None, 'learning_rate': 1.0, 'n_estimators': 50, 'random_state': 5}",0.783440328,0.781202439,0.018063772,10-fold StratifiedKFold,None,ROC AUC,7 mins,,Completed,,
2,Added original dataset after SelectKBest with f_classif,"Friday, 1 March 2024",Bagging,"{'base_estimator': None, 'bootstrap': True, 'bootstrap_features': False, 'max_features': 1.0, 'max_samples': 1.0, 'n_estimators': 10, 'n_jobs': None, 'oob_score': False, 'random_state': 5, 'verbose': 0, 'warm_start': False}",0.999644616,0.839611123,0.007759149,10-fold StratifiedKFold,None,ROC AUC,7 mins,,Completed,,
2,Added original dataset after SelectKBest with f_classif,"Friday, 1 March 2024",ExtraTrees,"{'bootstrap': False, 'ccp_alpha': 0.0, 'class_weight': None, 'criterion': 'gini', 'max_depth': None, 'max_features': 'sqrt', 'max_leaf_nodes': None, 'max_samples': None, 'min_impurity_decrease': 0.0, 'min_samples_leaf': 1, 'min_samples_split': 2, 'min_weight_fraction_leaf': 0.0, 'n_estimators': 100, 'n_jobs': None, 'oob_score': False, 'random_state': 5, 'verbose': 0, 'warm_start': False}",0.999999398,0.884876041,0.00695027,10-fold StratifiedKFold,None,ROC AUC,7 mins,,Completed,,
2,Added original dataset after SelectKBest with f_classif,"Friday, 1 March 2024",HistGradientBoosting,"{'categorical_features': None, 'early_stopping': 'auto', 'l2_regularization': 0.0, 'learning_rate': 0.1, 'loss': 'log_loss', 'max_bins': 255, 'max_depth': None, 'max_iter': 100, 'max_leaf_nodes': 31, 'min_samples_leaf': 20, 'monotonic_cst': None, 'n_iter_no_change': 10, 'random_state': 5, 'scoring': 'loss', 'tol': 1e-07, 'validation_fraction': 0.1, 'verbose': 0, 'warm_start': False}",0.961979975,0.896265358,0.005041049,10-fold StratifiedKFold,None,ROC AUC,7 mins,,Completed,,
2,Added original dataset after SelectKBest with f_classif,"Friday, 1 March 2024",LGBMClassifier,"{'boosting_type': 'gbdt', 'class_weight': None, 'colsample_bytree': 1.0, 'importance_type': 'split', 'learning_rate': 0.1, 'max_depth': -1, 'min_child_samples': 20, 'min_child_weight': 0.001, 'min_split_gain': 0.0, 'n_estimators': 100, 'n_jobs': -1, 'num_leaves': 31, 'objective': None, 'random_state': 5, 'reg_alpha': 0.0, 'reg_lambda': 0.0, 'silent': 'warn', 'subsample': 1.0, 'subsample_for_bin': 200000, 'subsample_freq': 0}",0.982996834,0.896392316,0.005228904,10-fold StratifiedKFold,None,ROC AUC,7 mins,,Completed,,
2,Added original dataset after SelectKBest with f_classif,"Friday, 1 March 2024",RandomForest,"{'bootstrap': True, 'ccp_alpha': 0.0, 'class_weight': None, 'criterion': 'gini', 'max_depth': None, 'max_features': 'sqrt', 'max_leaf_nodes': None, 'max_samples': None, 'min_impurity_decrease': 0.0, 'min_samples_leaf': 1, 'min_samples_split': 2, 'min_weight_fraction_leaf': 0.0, 'n_estimators': 100, 'n_jobs': None, 'oob_score': False, 'random_state': 5, 'verbose': 0, 'warm_start': False}",0.999999068,0.889218002,0.005777229,10-fold StratifiedKFold,None,ROC AUC,7 mins,,Completed,,
2,Added original dataset after SelectKBest with f_classif,"Friday, 1 March 2024",XGBoost,"{'objective': 'multi:softprob', 'use_label_encoder': None, 'base_score': None, 'booster': None, 'callbacks': None, 'colsample_bylevel': None, 'colsample_bynode': None, 'colsample_bytree': None, 'early_stopping_rounds': None, 'enable_categorical': False, 'eval_metric': None, 'feature_types': None, 'gamma': None, 'gpu_id': None, 'grow_policy': None, 'importance_type': None, 'interaction_constraints': None, 'learning_rate': None, 'max_bin': None, 'max_cat_threshold': None, 'max_cat_to_onehot': None, 'max_delta_step': None, 'max_depth': None, 'max_leaves': None, 'min_child_weight': None, 'missing': nan, 'monotone_constraints': None, 'n_estimators': 100, 'n_jobs': None, 'num_parallel_tree': None, 'predictor': None, 'random_state': 5, 'reg_alpha': None, 'reg_lambda': None, 'sampling_method': None, 'scale_pos_weight': None, 'subsample': None, 'tree_method': None, 'validate_parameters': None, 'verbosity': None}",0.992389461,0.892818715,0.004108549,10-fold StratifiedKFold,None,ROC AUC,7 mins,,Completed,,
2,Added original dataset after SFS,"Friday, 1 March 2024",AdaBoost,"{'algorithm': 'SAMME.R', 'base_estimator': None, 'learning_rate': 1.0, 'n_estimators': 50, 'random_state': 5}",,,,10-fold StratifiedKFold,None,ROC AUC,20 mins,,In Progress,,
2,Added original dataset after SFS,"Friday, 1 March 2024",Bagging,"{'base_estimator': None, 'bootstrap': True, 'bootstrap_features': False, 'max_features': 1.0, 'max_samples': 1.0, 'n_estimators': 10, 'n_jobs': None, 'oob_score': False, 'random_state': 5, 'verbose': 0, 'warm_start': False}",,,,10-fold StratifiedKFold,None,ROC AUC,20 mins,,Not Started,,
2,Added original dataset after SFS,"Friday, 1 March 2024",ExtraTrees,"{'bootstrap': False, 'ccp_alpha': 0.0, 'class_weight': None, 'criterion': 'gini', 'max_depth': None, 'max_features': 'sqrt', 'max_leaf_nodes': None, 'max_samples': None, 'min_impurity_decrease': 0.0, 'min_samples_leaf': 1, 'min_samples_split': 2, 'min_weight_fraction_leaf': 0.0, 'n_estimators': 100, 'n_jobs': None, 'oob_score': False, 'random_state': 5, 'verbose': 0, 'warm_start': False}",,,,10-fold StratifiedKFold,None,ROC AUC,20 mins,,Completed,,
2,Added original dataset after SFS,"Friday, 1 March 2024",HistGradientBoosting,"{'categorical_features': None, 'early_stopping': 'auto', 'l2_regularization': 0.0, 'learning_rate': 0.1, 'loss': 'log_loss', 'max_bins': 255, 'max_depth': None, 'max_iter': 100, 'max_leaf_nodes': 31, 'min_samples_leaf': 20, 'monotonic_cst': None, 'n_iter_no_change': 10, 'random_state': 5, 'scoring': 'loss', 'tol': 1e-07, 'validation_fraction': 0.1, 'verbose': 0, 'warm_start': False}",,,,10-fold StratifiedKFold,None,ROC AUC,20 mins,,In Progress,,
2,Added original dataset after SFS,"Friday, 1 March 2024",LGBMClassifier,"{'boosting_type': 'gbdt', 'class_weight': None, 'colsample_bytree': 1.0, 'importance_type': 'split', 'learning_rate': 0.1, 'max_depth': -1, 'min_child_samples': 20, 'min_child_weight': 0.001, 'min_split_gain': 0.0, 'n_estimators': 100, 'n_jobs': -1, 'num_leaves': 31, 'objective': None, 'random_state': 5, 'reg_alpha': 0.0, 'reg_lambda': 0.0, 'silent': 'warn', 'subsample': 1.0, 'subsample_for_bin': 200000, 'subsample_freq': 0}",,,,10-fold StratifiedKFold,None,ROC AUC,20 mins,,In Progress,,
2,Added original dataset after SFS,"Friday, 1 March 2024",RandomForest,"{'bootstrap': True, 'ccp_alpha': 0.0, 'class_weight': None, 'criterion': 'gini', 'max_depth': None, 'max_features': 'sqrt', 'max_leaf_nodes': None, 'max_samples': None, 'min_impurity_decrease': 0.0, 'min_samples_leaf': 1, 'min_samples_split': 2, 'min_weight_fraction_leaf': 0.0, 'n_estimators': 100, 'n_jobs': None, 'oob_score': False, 'random_state': 5, 'verbose': 0, 'warm_start': False}",,,,10-fold StratifiedKFold,None,ROC AUC,20 mins,,Not Started,,
2,Added original dataset after SFS,"Friday, 1 March 2024",XGBoost,"{'objective': 'multi:softprob', 'use_label_encoder': None, 'base_score': None, 'booster': None, 'callbacks': None, 'colsample_bylevel': None, 'colsample_bynode': None, 'colsample_bytree': None, 'early_stopping_rounds': None, 'enable_categorical': False, 'eval_metric': None, 'feature_types': None, 'gamma': None, 'gpu_id': None, 'grow_policy': None, 'importance_type': None, 'interaction_constraints': None, 'learning_rate': None, 'max_bin': None, 'max_cat_threshold': None, 'max_cat_to_onehot': None, 'max_delta_step': None, 'max_depth': None, 'max_leaves': None, 'min_child_weight': None, 'missing': nan, 'monotone_constraints': None, 'n_estimators': 100, 'n_jobs': None, 'num_parallel_tree': None, 'predictor': None, 'random_state': 5, 'reg_alpha': None, 'reg_lambda': None, 'sampling_method': None, 'scale_pos_weight': None, 'subsample': None, 'tree_method': None, 'validate_parameters': None, 'verbosity': None}",,,,10-fold StratifiedKFold,None,ROC AUC,20 mins,,Completed,,
2,Added original dataset w/ all features,"Friday, 1 March 2024",AdaBoost,"{'algorithm': 'SAMME.R', 'base_estimator': None, 'learning_rate': 1.0, 'n_estimators': 50, 'random_state': 5}",0.78280598,0.780620443,0.017752631,10-fold StratifiedKFold,None,ROC AUC,1 min,,Completed,,
2,Added original dataset w/ all features,"Friday, 1 March 2024",Bagging,"{'base_estimator': None, 'bootstrap': True, 'bootstrap_features': False, 'max_features': 1.0, 'max_samples': 1.0, 'n_estimators': 10, 'n_jobs': None, 'oob_score': False, 'random_state': 5, 'verbose': 0, 'warm_start': False}",0.999639505,0.839101446,0.008369117,10-fold StratifiedKFold,None,ROC AUC,1 min,,Completed,,
2,Added original dataset w/ all features,"Friday, 1 March 2024",ExtraTrees,"{'bootstrap': False, 'ccp_alpha': 0.0, 'class_weight': None, 'criterion': 'gini', 'max_depth': None, 'max_features': 'sqrt', 'max_leaf_nodes': None, 'max_samples': None, 'min_impurity_decrease': 0.0, 'min_samples_leaf': 1, 'min_samples_split': 2, 'min_weight_fraction_leaf': 0.0, 'n_estimators': 100, 'n_jobs': None, 'oob_score': False, 'random_state': 5, 'verbose': 0, 'warm_start': False}",0.999999398,0.883450067,0.007107237,10-fold StratifiedKFold,None,ROC AUC,1 min,,Completed,,
2,Added original dataset w/ all features,"Friday, 1 March 2024",HistGradientBoosting,"{'categorical_features': None, 'early_stopping': 'auto', 'l2_regularization': 0.0, 'learning_rate': 0.1, 'loss': 'log_loss', 'max_bins': 255, 'max_depth': None, 'max_iter': 100, 'max_leaf_nodes': 31, 'min_samples_leaf': 20, 'monotonic_cst': None, 'n_iter_no_change': 10, 'random_state': 5, 'scoring': 'loss', 'tol': 1e-07, 'validation_fraction': 0.1, 'verbose': 0, 'warm_start': False}",0.961979975,0.896265358,0.005041049,10-fold StratifiedKFold,None,ROC AUC,1 min,,Completed,,
2,Added original dataset w/ all features,"Friday, 1 March 2024",LGBMClassifier,"{'boosting_type': 'gbdt', 'class_weight': None, 'colsample_bytree': 1.0, 'importance_type': 'split', 'learning_rate': 0.1, 'max_depth': -1, 'min_child_samples': 20, 'min_child_weight': 0.001, 'min_split_gain': 0.0, 'n_estimators': 100, 'n_jobs': -1, 'num_leaves': 31, 'objective': None, 'random_state': 5, 'reg_alpha': 0.0, 'reg_lambda': 0.0, 'silent': 'warn', 'subsample': 1.0, 'subsample_for_bin': 200000, 'subsample_freq': 0}",0.982823233,0.895639961,0.004958012,10-fold StratifiedKFold,None,ROC AUC,1 min,,Completed,,
2,Added original dataset w/ all features,"Friday, 1 March 2024",RandomForest,"{'bootstrap': True, 'ccp_alpha': 0.0, 'class_weight': None, 'criterion': 'gini', 'max_depth': None, 'max_features': 'sqrt', 'max_leaf_nodes': None, 'max_samples': None, 'min_impurity_decrease': 0.0, 'min_samples_leaf': 1, 'min_samples_split': 2, 'min_weight_fraction_leaf': 0.0, 'n_estimators': 100, 'n_jobs': None, 'oob_score': False, 'random_state': 5, 'verbose': 0, 'warm_start': False}",0.99999905,0.887949866,0.006050882,10-fold StratifiedKFold,None,ROC AUC,1 min,,Completed,,
2,Added original dataset w/ all features,"Friday, 1 March 2024",XGBoost,"{'objective': 'binary:logistic', 'use_label_encoder': None, 'base_score': None, 'booster': None, 'callbacks': None, 'colsample_bylevel': None, 'colsample_bynode': None, 'colsample_bytree': None, 'early_stopping_rounds': None, 'enable_categorical': False, 'eval_metric': None, 'feature_types': None, 'gamma': None, 'gpu_id': None, 'grow_policy': None, 'importance_type': None, 'interaction_constraints': None, 'learning_rate': None, 'max_bin': None, 'max_cat_threshold': None, 'max_cat_to_onehot': None, 'max_delta_step': None, 'max_depth': None, 'max_leaves': None, 'min_child_weight': None, 'missing': nan, 'monotone_constraints': None, 'n_estimators': 100, 'n_jobs': None, 'num_parallel_tree': None, 'predictor': None, 'random_state': 5, 'reg_alpha': None, 'reg_lambda': None, 'sampling_method': None, 'scale_pos_weight': None, 'subsample': None, 'tree_method': None, 'validate_parameters': None, 'verbosity': None}",0.993547541,0.892835075,0.004862848,10-fold StratifiedKFold,None,ROC AUC,1 min,,Completed,,
2,Weighted Ensemble,"Saturday, 2 March 2024",All 7 Models,"LGBM - 0.804795	
XGBoost - 0.578537
RandomForest - 0.430377
AdaBoost - 0.160778
Bagging - 0.170325
ExtraTrees - 0.311305
HistGradient - 0.895395",,,,10-fold StratifiedKFold,None,ROC AUC,,,Completed,,
